City_ID,City,Country,Max Temp,Current Description,Lat,Lng,Hotel Name
3,Balaka,MW,74.59,clear sky,-14.9793,34.9558,Sun Village Lodge
4,Mattru,SL,71.47,light rain,7.6244,-11.8332,"Mondkor Town, Bagbo Chiefdom, Bo District"
8,New Norfolk,AU,66.65,overcast clouds,-42.7826,147.0587,The Shingles Riverside Cottages
12,Tautira,PF,84.22,broken clouds,-17.7333,-149.15,Pension Oaoa
13,Busselton,AU,62.04,broken clouds,-33.65,115.3333,Observatory Guest House
14,Hasaki,JP,68.29,overcast clouds,35.7333,140.8333,Hotel Sunrise Choshi
15,Ozieri,IT,64.02,overcast clouds,40.586,9.0012,B&B Santu Larentu
17,Butaritari,KI,82.58,light rain,3.0707,172.7902,Isles Sunset Lodge
19,Puerto Ayora,EC,69.08,scattered clouds,-0.7393,-90.3518,Finch Bay Galapagos Hotel
21,Vaini,TO,80.76,few clouds,-21.2,-175.2,Keleti Beach Resort
23,Kirakira,SB,86.41,overcast clouds,-10.4544,161.9205,SanBiz Lodge
24,Antofagasta,CL,60.08,few clouds,-23.65,-70.4,"Holiday Inn Express Antofagasta, an IHG Hotel"
26,Atuona,PF,78.82,clear sky,-9.8,-139.0333,Villa Enata
28,Ribeira Grande,PT,71.04,overcast clouds,38.5167,-28.7,Quinta da Meia Eira
29,Jalu,LY,64.54,broken clouds,29.0331,21.5482,صاحبة الفخامة
30,Avarua,CK,77.05,light rain,-21.2078,-159.775,Paradise Inn
34,Port Alfred,ZA,66.9,overcast clouds,-33.5906,26.891,The Halyards Hotel
35,Saint-Philippe,RE,75.47,broken clouds,-21.3585,55.7679,"Chambres d'hôte ""La Trinité"""
36,Rikitea,PF,73.09,overcast clouds,-23.1203,-134.9692,People ThankYou
37,Esperance,AU,69.64,overcast clouds,-33.8667,121.9,Hospitality Esperance
38,Hobart,AU,67.01,broken clouds,-42.8794,147.3294,Mantra on Collins Hobart
40,Hobyo,SO,79.95,clear sky,5.3505,48.5268,Halane Hotel and Restaurent
41,Hilo,US,78.53,scattered clouds,19.7297,-155.09,Hilo Hawaiian Hotel
42,Mahon,ES,72.16,clear sky,39.8885,4.2658,ARTIEM Capri
45,Bambous Virieux,MU,77.22,scattered clouds,-20.3428,57.7575,Casa Tia Villa
48,Shimoda,JP,68.36,broken clouds,34.6667,138.95,Shimoda Tokyu Hotel
49,Cape Town,ZA,60.1,light intensity drizzle,-33.9258,18.4232,Southern Sun Waterfront Cape Town
51,Sao Joao Da Barra,BR,70.52,light rain,-21.6403,-41.0511,Pousada Porto De Canoas
52,Salalah,OM,71.69,clear sky,17.0151,54.0924,"HAMDAN PLAZA HOTEL SALALAH, an HTG Hotel"
53,Bambanglipuro,ID,83.37,overcast clouds,-7.95,110.2833,Puri Brata
56,San Vicente,AR,60.82,clear sky,-26.6167,-54.1333,Complejo Turístico Farelluk
57,Fukue,JP,70.16,broken clouds,32.6881,128.8419,Goto Guesthouse Utojuku & SA Car Rental
58,East London,ZA,61.74,clear sky,-33.0153,27.9116,Tu Casa
60,Maragogi,BR,76.21,broken clouds,-9.0122,-35.2225,Salinas do Maragogi All Inclusive Resort
62,Arraial Do Cabo,BR,69.69,overcast clouds,-22.9661,-42.0278,Pousada Porto Praia
63,Sinnamary,GF,78.58,broken clouds,5.3833,-52.95,ALETHEIA Appartement Sinnamary
64,Hermanus,ZA,62.8,overcast clouds,-34.4187,19.2345,Misty Waves Boutique Hotel
67,Namibe,AO,63.57,few clouds,-15.1961,12.1522,Hotel Chik Chik Namibe
69,Sechura,PE,66.38,scattered clouds,-5.5569,-80.8222,Hospedaje Costa Bella
71,San Patricio,US,75.81,clear sky,28.017,-97.5169,"Motel 6 Sinton, TX"
73,Beira,MZ,69.89,scattered clouds,-19.8436,34.8389,Beira Terrace Hotel
74,Inongo,CD,69.53,overcast clouds,-1.95,18.2667,Hotel Du Lac
75,Tabou,CI,76.64,overcast clouds,4.423,-7.3528,hotêl doufoulougou
77,Mount Gambier,AU,69.71,clear sky,-37.8333,140.7667,The Commodore
80,Bengkulu,ID,83.61,overcast clouds,-3.8004,102.2655,Grage Hotel Bengkulu
83,Hambantota,LK,84.54,light rain,6.1241,81.1185,Bungalow 63
85,Akyab,MM,82.51,broken clouds,20.15,92.9,Hotel Memory
88,Burnie,AU,63.91,broken clouds,-41.0667,145.9167,Beachfront Voyager Motor Inn
90,Havelock,US,62.55,scattered clouds,34.8791,-76.9013,Sherwood Motel
93,Bredasdorp,ZA,62.28,overcast clouds,-34.5322,20.0403,Bredasdorp Country Manor
94,San Quintin,MX,61.93,few clouds,30.4833,-115.95,Don Eddie's Sport Fishing Center
98,Ntungamo,UG,63.9,overcast clouds,-0.8833,29.65,The Crested Crane Bwindi Hotel
100,Huarmey,PE,64.06,few clouds,-10.0681,-78.1522,Hotel Miramar
101,Tarakan,ID,85.5,scattered clouds,3.3,117.6333,RedDoorz Syariah near Taman Berlabuh Tarakan
102,Victoria,HK,82.04,scattered clouds,22.2855,114.1577,Mini Hotel Central
104,San Cristobal,VE,64.58,light rain,7.7669,-72.225,Posada Villaven C.A.
105,Broken Hill,AU,80.31,scattered clouds,-31.95,141.4333,Royal Exchange Hotel
107,Atar,MR,78.28,clear sky,20.5169,-13.0499,Oumou Elghoura
108,Buala,SB,83.34,moderate rain,-8.145,159.5921,Maringe Lagoon Lodge
110,Ramnagar,IN,71.47,clear sky,29.4,79.1167,Leisure Vacation Myrica Hotel
112,Quelimane,MZ,76.95,broken clouds,-17.8786,36.8883,Hotel Flamingo
113,Awbari,LY,64.65,clear sky,26.5921,12.7805,فندق أوباري
114,Cidreira,BR,67.46,clear sky,-30.1811,-50.2056,Hotel Castelo
115,Coxim,BR,75.74,clear sky,-18.5067,-54.76,Hotel Avenida
118,Matara,LK,81.73,heavy intensity rain,5.9485,80.5353,Amaloh Boutique Resort
119,Jardim,BR,72.46,clear sky,-21.4803,-56.1381,Estancia Hotel - Jardim MS
121,Baran,IN,75.11,clear sky,25.1,76.5167,Hotel shree ji
123,Sambava,MG,76.75,light rain,-14.2667,50.1667,Melrose
125,Ambilobe,MG,78.28,few clouds,-13.2,49.05,Hôtel & Restaurant DIANA Ambilobe
126,Puerto Baquerizo Moreno,EC,68.9,few clouds,-0.9,-89.6,Hotel los Algarrobos
127,Carnarvon,AU,71.67,broken clouds,-24.8667,113.6333,Hospitality Carnarvon
130,Sibolga,ID,83.35,overcast clouds,1.7427,98.7792,Hotel Syariah CN Darussalam
132,Sao Filipe,CV,79.41,overcast clouds,14.8961,-24.4956,Hotel Xaguate
137,Saldanha,ZA,62.65,light rain,-33.0117,17.9442,Blue Bay Lodge
143,Ponta Do Sol,PT,70.72,scattered clouds,32.6667,-17.1,Hotel do Campo
144,Kapaa,US,78.78,overcast clouds,22.0752,-159.319,Sheraton Kauai Coconut Beach Resort
146,Ulladulla,AU,80.76,broken clouds,-35.35,150.4667,Sandpiper Motel
151,Eyl,SO,78.89,scattered clouds,7.9803,49.8164,Amiin Hotel
153,Port Lincoln,AU,69.46,few clouds,-34.7333,135.8667,Port Lincoln Hotel
154,Quarai,BR,69.93,overcast clouds,-30.3875,-56.4514,Hotel Casino San Eugenio del Cuareim
155,Makakilo City,US,79.29,broken clouds,21.3469,-158.0858,Marriott's Ko Olina Beach Club
158,Stephenville,US,66.33,clear sky,32.2207,-98.2023,La Quinta Inn & Suites by Wyndham Stephenville
159,Araguaina,BR,79.86,overcast clouds,-7.1911,-48.2072,Hotel São Vicente
161,Bat Khela,PK,66.09,clear sky,34.6167,71.9714,Electric and pipe fitting
167,Natal,BR,81.25,scattered clouds,-5.795,-35.2094,Villa Park Hotel | Natal
169,Port Blair,IN,86.04,scattered clouds,11.6667,92.75,"Welcomhotel By ITC Hotels, Bay Island, Port Blair"
173,Pokhara,NP,62.96,overcast clouds,28.2333,83.9833,Butterfly Lodge
174,Saint George,US,67.95,clear sky,37.1041,-113.5841,Best Western Plus Abbey Inn
176,Iracoubo,GF,79.07,overcast clouds,5.4802,-53.2011,Le Gîte d’Iracoubo
177,Guilin,CN,62.71,overcast clouds,25.2819,110.2864,Grand 0773 Hotel
178,Pasighat,IN,79.23,scattered clouds,28.0667,95.3333,Siang Guest House
182,Alofi,NU,82.29,scattered clouds,-19.0595,-169.9187,Taloa Heights
183,Wajima,JP,63.28,broken clouds,37.4,136.9,Wajiima Onsen Yashio
186,Kruisfontein,ZA,60.89,overcast clouds,-34.0033,24.7314,Oyster Bay House Rental
188,Namatanai,PG,85.5,broken clouds,-3.6667,152.4333,Seagulls Inn Namatani
190,Sakakah,SA,71.17,overcast clouds,29.9697,40.2064,Fakhamat Al Orjoana Apartment
197,Labis,MY,85.06,overcast clouds,2.385,103.021,Labis Sunrise Farm
199,Cabra,ES,67.39,overcast clouds,37.4725,-4.4421,MS Fuente Las Piedras
200,Katsuura,JP,68.04,overcast clouds,35.1333,140.3,Katsuura Hotel Mikazuki
201,Barra Dos Coqueiros,BR,78.82,scattered clouds,-10.9089,-37.0386,Jangadeiro
204,Poum,NC,75.88,clear sky,-20.2333,164.0167,Gîte kajeon
209,Viet Tri,VN,69.75,overcast clouds,21.3019,105.4308,Trung tâm Hội nghị tỉnh Phú Thọ
210,Geraldton,AU,70.21,broken clouds,-28.7667,114.6,Broadwater Mariner Resort
211,Codajas,BR,73.92,overcast clouds,-3.8367,-62.0569,Atlântic Hotel
212,Wanning,CN,79.11,scattered clouds,18.8003,110.3967,Paradise Hotel
213,Meulaboh,ID,84.06,overcast clouds,4.1363,96.1285,Kost Pria
217,Keningau,MY,84.65,overcast clouds,5.3378,116.1602,Sabindo Hotel
219,San Jose,US,61.09,broken clouds,37.3394,-121.895,The Westin San Jose
221,Souillac,MU,77.36,scattered clouds,-20.5167,57.5167,Shanti Maurice Resort & Spa
223,Ballina,AU,71.78,overcast clouds,-28.8667,153.5667,Ramada Hotel & Suites by Wyndham Ballina Byron
226,Paita,PE,65.03,few clouds,-5.0892,-81.1144,Hotel Náutico de Paita
227,Lata,PT,61.21,overcast clouds,40.1629,-8.3327,Casa Maquia
229,Kalangala,UG,70.43,light rain,-0.3089,32.225,Ssese Habitat Resort
232,Lucapa,AO,64.78,light rain,-8.4192,20.7447,Residência Ulisses Dos Santos
234,Irece,BR,72.28,broken clouds,-11.3042,-41.8558,RADAR INN HOTEL
240,Camacha,PT,69.22,broken clouds,33.0833,-16.3333,Hotel Porto Santo & Spa
241,Fortuna,US,61.48,broken clouds,40.5982,-124.1573,Super 8 by Wyndham Fortuna
242,Bandarbeyla,SO,79.2,light rain,9.4942,50.8122,JABIR HOTEL
243,Kaeo,NZ,66.33,overcast clouds,-35.1,173.7833,Bushido Lodge
244,Kamaishi,JP,61.75,broken clouds,39.2667,141.8833,Hotel Route Inn Kamaishi
246,Dingle,PH,84.51,broken clouds,10.9995,122.6711,SEGAYA PROPERTY
248,Sawtell,AU,71.92,overcast clouds,-30.3833,153.1,Island Beach House Sawtell
250,Melton,AU,78.69,clear sky,-37.6833,144.5833,Mantra Melbourne Melton
252,Gat,IL,72.39,overcast clouds,31.61,34.7642,OlusHome
253,Reconquista,AR,79.86,overcast clouds,-29.15,-59.65,Grand Hotel
256,Touros,BR,81.5,broken clouds,-5.1989,-35.4608,INN NEW HORIZON
257,Ahipara,NZ,60.89,scattered clouds,-35.1667,173.1667,Ahipara Holiday Park
258,Bac Lieu,VN,86.41,broken clouds,9.285,105.7244,Khách sạn Sài Gòn Bạc Liêu
262,Kavieng,PG,85.48,broken clouds,-2.5744,150.7967,Nusa Island Retreat
266,Karratha,AU,80.13,clear sky,-20.7377,116.8463,ibis Styles Karratha
268,Bani,DO,75.27,clear sky,18.2833,-70.3333,Hospedaje Henriquez
270,Kumano,JP,68.9,overcast clouds,34.3442,132.5894,ホテル コラソン
271,Itarema,BR,80.51,scattered clouds,-2.9248,-39.9167,"Sea Lounge! Bar, Club & Restaurant"
275,Mbeya,TZ,61.54,few clouds,-8.9,33.45,Leda Lodge
276,Georgetown,MY,85.98,few clouds,5.4112,100.3354,Cititel Penang
277,Port Elizabeth,ZA,63.1,few clouds,-33.918,25.5701,39 On Nile Guest House
278,Bam,IR,69.06,clear sky,29.106,58.357,Bam Tourist Hotel
280,Pisco,PE,62.65,clear sky,-13.7,-76.2167,Hotel San Isidro Oficial
281,Diamantino,BR,73.29,heavy intensity rain,-14.4086,-56.4461,Hotel Delta
287,Saint-Joseph,RE,75.47,scattered clouds,-21.3667,55.6167,"""Plantation Bed and Breakfast"
289,Plettenberg Bay,ZA,62.04,overcast clouds,-34.0527,23.3716,Thanda Vista B&B
293,Gotsu,JP,69.94,overcast clouds,35.0,132.2167,Yurusato
295,Manacapuru,BR,79.38,overcast clouds,-3.2997,-60.6206,Novo Hotel
301,Airai,TL,78.55,broken clouds,-8.9266,125.4092,Juvinal Martin
302,Coromoro,CO,60.87,overcast clouds,6.2946,-73.0402,Villa Lucía
306,Inhambane,MZ,70.32,clear sky,-23.865,35.3833,Oceano
307,Maceio,BR,76.44,scattered clouds,-9.6658,-35.7353,Poutur Pousada
313,Padang,ID,84.25,moderate rain,-0.9492,100.3543,Mercure Padang
314,Mackay,AU,79.05,overcast clouds,-21.15,149.2,International Lodge Motel
315,Nanning,CN,66.65,overcast clouds,22.8167,108.3167,Nanning Travelling With Hostel
320,Lorengau,PG,83.05,overcast clouds,-2.0226,147.2712,Lorengau Harbourside Hotel
322,Nchelenge,ZM,72.52,overcast clouds,-9.3451,28.734,KD Travellers Home
324,Bathsheba,BB,77.61,broken clouds,13.2167,-59.5167,Atlantis Hotel
325,Caravelas,BR,73.85,scattered clouds,-17.7125,-39.2481,Pousada dos Navegantes
335,Jega,NG,74.7,clear sky,12.2175,4.3792,ALH. Nasiru Ibrahim
336,Ugoofaaru,MV,81.86,light rain,5.6667,73.0,Ungoofaaru Inn
338,Mahanoro,MG,75.13,scattered clouds,-19.9,48.8,BUNGALOW MAHAMANINA
340,Paso De Patria,AR,77.11,light rain,-27.2454,-58.5454,"Posada Pasito's III, Paso de Patria Ñeembucú"
343,Sola,VU,86.67,broken clouds,-13.8833,167.55,Leumerus Bungalows
345,Alghero,IT,68.09,clear sky,40.5589,8.3181,Villa Las Tronas Hotel & Spa
347,Saint-Leu,RE,75.96,clear sky,-21.15,55.2833,La Caz Oceane
348,Kimbe,PG,84.29,moderate rain,-5.5502,150.1429,Kimbe Bay Hotel
351,La Argentina,CO,60.78,overcast clouds,2.1961,-75.98,Hotel Guadalupe
354,Acapulco,MX,78.62,few clouds,16.8634,-99.8901,HS Hotsson Smart Acapulco
361,Parasia,IN,71.74,clear sky,22.2,78.7667,Hotel Navrang
362,Cabo San Lucas,MX,78.51,few clouds,22.8909,-109.9124,Hotel Tesoro Los Cabos
365,Moratuwa,LK,78.82,overcast clouds,6.773,79.8816,Sa Mansion By Yoho
366,Marawi,PH,75.65,broken clouds,7.9986,124.2928,Derogongan Residence
367,Chuy,UY,63.07,overcast clouds,-33.6971,-53.4616,Nuevo Hotel Plaza
368,Hirara,JP,82.26,few clouds,24.8,125.2833,Hotel Atoll Emerald Miyakojima
369,Muroto,JP,73.44,broken clouds,33.2833,134.15,Oota Ryokan
376,Faanui,PF,79.16,broken clouds,-16.4833,-151.75,Bora-Bora Pearl Beach Resort & Spa
378,Norwalk,US,65.03,clear sky,33.9022,-118.0817,DoubleTree by Hilton Hotel Los Angeles - Norwalk
379,Teknaf,BD,83.68,broken clouds,20.8624,92.3058,Forestry Guesthouse
380,Kloulklubed,PW,86.5,overcast clouds,7.0419,134.2556,Storyboard Beach Resort
381,Marsaxlokk,MT,66.07,broken clouds,35.8419,14.5431,Water's Edge
387,Emerald,AU,84.34,broken clouds,-23.5333,148.1667,The Irish Village
391,Labuhan,ID,83.53,overcast clouds,-6.8844,112.2051,PT PPI Lamongan Tambak C
393,Pafos,CY,73.31,clear sky,34.7667,32.4167,Elysium Hotel
398,Ternate,ID,83.8,overcast clouds,0.8,127.4,Sahid Bela Ternate Hotel
399,Araguari,BR,62.89,overcast clouds,-18.6472,-48.1872,Big Executive Hotel - Araguari MG
400,Barreirinhas,BR,77.13,overcast clouds,-2.7469,-42.8264,Gran Lençóis Flat Residence
401,Bairiki,KI,86.0,broken clouds,1.3292,172.9752,Tarawa Boutique Hotel
403,Faro,PT,69.58,broken clouds,37.0194,-7.9322,Hotel Faro & Beach Club
405,Puerto Escondido,MX,79.63,scattered clouds,15.85,-97.0667,Aldea del Bazar Hotel and Spa
406,Cumpas,MX,62.89,clear sky,29.9833,-109.7833,Hotel La Palma
407,Manono,CD,68.16,overcast clouds,-7.3,27.4167,Hotel hewa bora
408,Sotouboua,TG,71.64,few clouds,8.5667,0.9833,Auberge Médina
410,Flinders,AU,76.8,overcast clouds,-34.5833,150.8552,Shellharbour Resort & Conference Centre
411,Menongue,AO,61.47,broken clouds,-14.6585,17.691,Ritz Lauca
413,Ateli,IN,76.93,clear sky,28.1,76.2833,Hitesh Kumar
414,Teluk Nibung,ID,85.78,light rain,3.001,99.8164,Hotel Assyifa
415,Parrita,CR,81.99,overcast clouds,9.5201,-84.3225,Beso del Viento
421,Auki,SB,80.62,overcast clouds,-8.7676,160.7034,Auki Motel
425,West Bay,KY,82.47,scattered clouds,19.3667,-81.4167,Calypso Cove
428,Charagua,BO,74.73,overcast clouds,-19.8,-63.2167,Hotel
429,Vilhena,BR,68.58,overcast clouds,-12.7406,-60.1458,Hotel Mirage
432,Kermanshah,IR,60.51,overcast clouds,34.3142,47.065,Sina Hotel
433,Naze,JP,70.72,few clouds,28.3667,129.4833,オーベルジュ・アガルイ
434,Mahebourg,MU,77.25,scattered clouds,-20.4081,57.7,Shandrani Beachcomber Resort & Spa
436,Sinjar,IQ,64.04,overcast clouds,36.3209,41.8754,زوماني فون 1
440,Hualmay,PE,64.0,few clouds,-11.0964,-77.6139,Hotel Villa Kitzia Huacho
443,Corsicana,US,65.77,clear sky,32.0954,-96.4689,"Holiday Inn Express & Suites Corsicana I-45, an IHG Hotel"
449,Vila Franca Do Campo,PT,73.2,overcast clouds,37.7167,-25.4333,Pestana Bahia Praia
451,Manggar,ID,81.03,overcast clouds,-2.8833,108.2667,Guest Hotel
452,Irupi,BR,63.73,overcast clouds,-20.3453,-41.6411,Hotel Pousada Caminhos do Caparaó
454,Sirsilla,IN,77.18,broken clouds,18.3833,78.8333,Appartment Complex
455,Port Hedland,AU,82.45,scattered clouds,-20.3167,118.5667,The Esplanade Hotel
456,Hithadhoo,MV,82.45,overcast clouds,-0.6,73.0833,Scoop Guest House
460,Cabimas,VE,78.89,overcast clouds,10.3883,-71.4399,Foresgum jejdjdkdkdkdkdkdkdkdkd
467,Lagoa,PT,68.23,overcast clouds,39.05,-27.9833,Casa Das Faias
468,Sosua,DO,78.78,few clouds,19.7667,-70.5167,Piergiorgio Palace Hotel
470,Punto Fijo,VE,80.19,overcast clouds,11.6956,-70.1996,Santa Fe Inn Hotel
471,Nargana,PA,78.35,overcast clouds,9.4428,-78.5906,Dubbir
476,Tual,ID,84.06,overcast clouds,-5.6667,132.75,Grand Vilia Hotel
477,Chipinge,ZW,63.36,few clouds,-20.1883,32.6236,Chipinge Breeze Lodge
478,Arlit,NE,78.87,scattered clouds,18.7369,7.3853,Case de Passage De la Prefecture
479,Takoradi,GH,77.18,overcast clouds,4.8845,-1.7554,Raybow International Hotel
481,Afua,BR,76.28,broken clouds,-0.1567,-50.3867,Hotel Dias
483,Santa Fe,AR,74.75,broken clouds,-31.6333,-60.7,Conquistador Hotel
484,Monte Alegre,BR,78.22,broken clouds,-2.0078,-54.0692,Hotel Shekinah
485,Milagres,BR,83.17,overcast clouds,-7.3133,-38.9456,Pousada Neves
487,Codrington,AU,63.1,clear sky,-38.2667,141.9667,Codrington Gardens Bed And Breakfast
489,Moindou,NC,75.15,broken clouds,-21.6924,165.677,Gite de la RYAWA
492,Kawalu,ID,83.53,overcast clouds,-7.3817,108.2082,KOSAN UNGU UNSIK
494,Cockburn Town,TC,81.88,overcast clouds,21.4612,-71.1419,Osprey Beach Hotel
495,Tura,IN,75.18,clear sky,25.5198,90.2201,Hotel RIKMAN Continental
497,Kanigoro,ID,77.67,overcast clouds,-8.13,112.219,Musafer Villa ( Villa Erlin )
499,Salta,AR,70.39,broken clouds,-24.7859,-65.4117,Hotel Alejandro I
502,Paso De Carrasco,UY,62.74,light intensity drizzle,-34.8603,-56.0522,Hotel Sofitel Montevideo Casino Carrasco and Spa
504,Omihachiman,JP,71.58,overcast clouds,35.1286,136.0976,Hotel New Omi
505,Muisne,EC,75.88,overcast clouds,0.6,-80.0333,Quinta Samay
509,Mecca,SA,79.39,clear sky,21.4267,39.8261,"Makkah Clock Royal Tower, A Fairmont Hotel"
511,Sao Miguel Do Tapuio,BR,78.12,broken clouds,-5.5036,-41.3233,Hotel Tropical
515,Goma,CD,63.32,overcast clouds,-1.6792,29.2228,Hotel la Versailles Goma
518,Alugan,PH,82.53,broken clouds,12.2188,125.4808,JM Lodge
519,Soyo,AO,77.05,overcast clouds,-6.1349,12.3689,Hotel Mpampa
522,Pandan,PH,84.15,broken clouds,14.0453,124.1694,Bonifacio Lodge
525,Tianpeng,CN,63.63,overcast clouds,30.9866,103.9393,Shuangliu Love Home Business Hotel
527,Bom Jesus,BR,78.76,broken clouds,-9.0744,-44.3586,Hotel Brasão & Floricultura Bella Flor
530,Kui Buri,TH,86.0,overcast clouds,12.0828,99.8543,Rista House & Resort
532,Komatipoort,ZA,66.99,clear sky,-25.4332,31.9548,Kruger View Backpackers
533,Saint-Pierre,RE,77.58,clear sky,-21.3393,55.4781,Lindsey Hôtel
536,Inirida,CO,73.6,overcast clouds,3.8653,-67.9239,Fuente del Guania Hotel de Lujo
537,Arroio Dos Ratos,BR,70.43,clear sky,-30.0772,-51.7292,Hotel do Sul
538,Bakel,SN,82.51,broken clouds,14.905,-12.4568,Ablaye Diallo Bakel
539,Tagusao,PH,85.37,overcast clouds,9.1924,117.8141,Toledo
542,Kulhudhuffushi,MV,80.56,overcast clouds,6.6221,73.07,Haajy Guest House 1
543,Sao Gabriel Da Cachoeira,BR,73.35,broken clouds,-0.1303,-67.0892,Alarne - Área De Lazer Do Alto Rio Negro
545,Gawler,AU,84.25,clear sky,-34.6,138.7333,Eagle Foundry Bed & Breakfast
548,Calabozo,VE,74.41,overcast clouds,8.9242,-67.4293,Hotel Giardini
549,Kutum,SD,71.67,scattered clouds,14.2,24.6667,Dibbo areaمنطقة دبو
550,Cozumel,MX,79.0,scattered clouds,20.5083,-86.9458,Cozumel Palace® All Inclusive Resort
552,Port Pirie,AU,80.69,scattered clouds,-33.1833,138.0167,John Pirie Motor Inn
553,Guerrero Negro,MX,63.37,clear sky,27.9769,-114.0611,"Casa Laguna, Bed & Breakfast"
555,Merta,IN,77.65,clear sky,26.65,74.0333,V Resorts Ganthiya
556,Whitianga,NZ,65.1,broken clouds,-36.8333,175.7,Beachside Resort Whitianga
562,Arenapolis,BR,72.18,overcast clouds,-14.4503,-56.8461,Mato Grosso Hotel
564,Riyadh,SA,62.74,clear sky,24.6877,46.7219,"InterContinental Riyadh, an IHG Hotel"
566,Kartarpur,IN,71.47,clear sky,31.44,75.4997,ImprovementvTrust Flats
569,Dali,CN,66.11,clear sky,25.7,100.1833,Dali Travelling With Hostel
570,Mbaiki,CF,69.49,overcast clouds,3.8678,17.9892,Motel MBM
571,Phonhong,LA,85.82,broken clouds,18.5007,102.4166,Manyvong Guest House
572,San Ignacio,BZ,71.74,clear sky,17.1561,-89.0714,Rainforest Haven Inn
573,Izumo,JP,69.75,broken clouds,35.3667,132.7667,Toyoko-Inn Izumoshi ekimae
575,Yulara,AU,84.04,clear sky,-25.2406,130.9889,Desert Gardens Hotel - Ayers Rock Resort
576,Mayumba,GA,76.48,moderate rain,-3.432,10.6554,LIKWALE LODGE
577,Minas,UY,61.27,overcast clouds,-34.3759,-55.2377,Hotel Minas
578,Semnan,IR,60.12,clear sky,35.5729,53.3971,Semnan Tourist Hotel
579,Nichinan,JP,74.35,overcast clouds,31.6,131.3667,Guest House Aki
580,Soc Trang,VN,85.96,overcast clouds,9.6033,105.98,Phu Quy Hotel
581,Kudahuvadhoo,MV,83.25,few clouds,2.6708,72.8944,Niyama Private Islands Maldives
582,Christchurch,NZ,63.32,broken clouds,-43.5333,172.6333,The George
583,Pangai,TO,80.71,few clouds,-19.8,-174.35,Ha'apai Beach Resort
585,Feijo,BR,73.83,broken clouds,-8.1642,-70.3536,Hotel e Restaurante Aҫai
586,Mbalmayo,CM,67.96,light rain,3.5167,11.5,Hôtel les Nouveaux Jardins Des Tropiques
589,Beruwala,LK,80.69,overcast clouds,6.4788,79.9828,The Palms Hotel
590,Los Llanos De Aridane,ES,70.12,clear sky,28.6585,-17.9182,Valle Aridane
593,Maldonado,UY,61.99,overcast clouds,-34.6667,-54.9167,La Cimarrona
595,Mana,GF,77.7,scattered clouds,5.6592,-53.7767,LE SAMANA
596,Marsa Matruh,EG,64.6,clear sky,31.3525,27.2453,Beau Site
598,Santa Marta,CO,78.85,broken clouds,11.2408,-74.199,Casa de Isabella
600,Lynn Haven,US,60.96,clear sky,30.2455,-85.6483,Wingate by Wyndham Panama City Area Lynn Haven
601,Suleja,NG,70.21,clear sky,9.1758,7.1808,Capy Motel
602,Tonota,BW,65.89,clear sky,-21.4833,27.4833,Semotswane Baraka Lodge
608,Ojinaga,MX,76.15,clear sky,29.5667,-104.4167,Suites Las Palmas
613,Odweyne,SO,70.14,broken clouds,9.4092,45.064,Eng Hiirey House
614,Road Town,VG,79.0,clear sky,18.4167,-64.6167,"ZINGARA 76ft Catamaran, full crew-all included"
620,Mumford,GH,78.58,overcast clouds,5.2618,-0.759,Spanish Villa
621,Nouadhibou,MR,66.18,overcast clouds,20.931,-17.0347,El Medina
622,Roebourne,AU,81.16,clear sky,-20.7833,117.1333,Latitude20 Roebourne Village
623,Biloela,AU,84.83,broken clouds,-24.4167,150.5,Biloela Silo Motor Inn
624,Vao,NC,71.71,few clouds,-22.6667,167.4833,Hotel Kou-Bugny
625,Alice Springs,AU,83.75,scattered clouds,-23.7,133.8833,Desert Palms Alice Springs
626,Pedernales,DO,79.25,clear sky,18.0384,-71.744,Hotel Costa Marina
627,Port-Gentil,GA,77.61,moderate rain,-0.7193,8.7815,Fengshui Residence
628,Sandakan,MY,82.08,thunderstorm,5.8402,118.1179,Hotel Sandakan
629,Cabangahan,PH,85.48,broken clouds,9.0781,122.9469,Centralle District Beach Resort
632,Pathein,MM,84.13,overcast clouds,16.7833,94.7333,New Pammawaddy Hotel
635,Valle De Allende,MX,64.53,overcast clouds,26.9333,-105.4,Hotel Meson de San Bartolome
639,Santa Lucia,ES,61.11,scattered clouds,27.9117,-15.5407,Las Tirajanas
640,Mocuba,MZ,76.01,overcast clouds,-16.8392,36.9856,Phama Lodge
641,Sirpur,IN,73.67,overcast clouds,19.4833,79.6,Sathyamma Hotel
647,Eldorado,BR,69.08,clear sky,-23.7869,-54.2836,Villa Verde Hotel
650,Laguna,US,62.24,clear sky,38.421,-121.4238,"Holiday Inn Express & Suites Elk Grove Central - Hwy 99, an IHG Hotel"
651,Colares,PT,67.68,overcast clouds,38.7992,-9.4469,Arribas Sintra Hotel
657,Tortoli,IT,61.99,few clouds,39.9256,9.6572,Hotel La Bitta
658,Imbituba,BR,69.69,broken clouds,-28.24,-48.6703,Praia Hotel Imbituba
661,Kahului,US,80.62,scattered clouds,20.8947,-156.47,Maui Seaside Hotel
663,Denpasar,ID,85.66,scattered clouds,-8.65,115.2167,ASTON Denpasar Hotel & Convention Center
666,Sangre Grande,TT,78.19,overcast clouds,10.5835,-61.1177,Lotus drive
668,Alta Floresta,BR,70.84,light rain,-9.8756,-56.0861,Floresta Amazonica Hotel
669,Buraydah,SA,66.65,few clouds,26.326,43.975,فندق راحة السلام
670,Moron,AR,62.35,overcast clouds,-34.6534,-58.6198,Hotel Morón
672,Kongolo,CD,68.52,overcast clouds,-5.3833,27.0,Mustafa Zengin Büyük Çerkes Düklüğü
